Filename,Alt Text,Description,Detected Objects Summary
641443836_18565264537005230_975479195389435834_n.jpg,"Weathered driftwood sticks out of calm blue water, with snow-capped Mount Rainier visible in the distance.","This vertical, scenic photograph captures a tranquil waterfront landscape featuring a prominent snow-capped mountain in the far background and weathered driftwood in the foreground.

### **Foreground**
* **Driftwood:** Two pieces of dry, textured, golden-brown driftwood emerge from the still, dark blue water. 
  * The larger piece on the left points diagonally upward toward the upper left corner.
  * The smaller piece on the right curves slightly inward with a hook-like shape.
* **Water & Reflection:** The water surface around the driftwood is very calm, creating dark, clear reflections of the wooden shapes stretching downward. Faint ripple rings surround where the logs break the surface.

### **Midground**
* **Lake:** A vast, peaceful expanse of blue water extends across the middle of the frame, showing faint reflections of the sky and distant mountain.
* **Shoreline:** In the distance, forested shorelines line both sides of the lake:
  * On the left, a elevated, tree-covered hillside features several waterfront homes and residential structures nestled among evergreen trees.
  * On the right, a lower, rolling coastline curves into the background, dotted with faint buildings and dense tree lines.

### **Background**
* **Mountain:** Centered dramatically on the horizon is a massive, snow-covered volcanic peak (Mount Rainier). Its sunlit snowy slopes show detailed dark rocky ridges and crevasses.
* **Sky:** The sky above is entirely clear and transitions smoothly from a pale golden-yellow glow near the horizon to a clear, light blue higher up.

### **Colors and Lighting**
* **Lighting:** Warm, direct natural light—characteristic of early morning or late afternoon (golden hour)—illuminates the tops of the driftwood and the snow on the mountain.
* **Color Palette:** Dominated by shades of deep and light blue in the water and sky, warm gold and brown tones on the driftwood and mountain top, and dark forest greens along the shorelines.

### **Composition**
The image is arranged in distinct horizontal layers (foreground wood, midground water/shore, background mountain, and sky), creating a strong sense of depth and serene, balanced perspective.","mountain, driftwood, driftwood, lake, sky"
624101390_18343282372209085_2820277814660396503_n.jpg,A bright red car covered in snow stands out in a black-and-white winter street scene in front of an apartment building.,"This image presents a striking winter scene featuring a **selective color (color splash) editing technique**, where a single object retains its vibrant color while the rest of the photograph is rendered in black and white.

### **1. Subject & Focal Point**
* **The Car:** The central focus is a small red car (hatchback or crossover) parked parallel to the curb. 
* **Snow Accumulation:** A thick, smooth cushion of fresh white snow covers the car's entire roof, windshield, side windows, hood, and rear, leaving only the lower red side panels, doors, side mirror, and wheels exposed. The wheels are partially buried in snow along the curb.

### **2. Background & Architecture**
* **Residential Building:** Directly behind the car stands a multi-story apartment or condominium complex. It features dark wooden shingle siding, balcony railings, dark window panes, and skylights on a steeply pitched roof. 
* **Snow Coverage:** A heavy layer of snow sits atop the roof, balcony ledges, and skylights, creating sharp white geometric highlights against the dark structure.
* **Flora:** Two large, leafless deciduous trees rise vertically in front of the building, their intricate branches dusted with snow. Low, rounded hedges covered in thick snow mounds line the base of the low gray block retaining wall.

### **3. Foreground & Street**
* **The Roadway:** The lower third of the image consists of a cold, wet asphalt road marked by horizontal bands of tire tracks cut through slush and snow, adding texture and a sense of depth to the bottom of the frame.

### **4. Color Palette & Lighting**
* **Primary Color:** Bright, saturated crimson red on the body of the car.
* **Monochrome Tones:** High-contrast blacks, deep grays, and bright whites make up the rest of the image.
* **Lighting:** Diffuse, overcast winter light, typical of a snowy day, creating soft shadows and even illumination across the scene.

### **5. Composition & Style**
* **Framing:** The image is shot in a vertical (portrait) orientation with a straight-on, eye-level perspective. 
* **Lines & Symmetry:** Strong horizontal lines (the tire tracks, the curb, the retaining wall, balcony rails, and rooflines) are balanced by the vertical lines of the bare tree trunks.
* **Mood:** The composition evokes a quiet, frozen urban scene, highlighting the contrast between the warmth of the red car and the cold, monochrome winter landscape.","red car, apartment building, bare trees, snowy road, snow-covered bushes, partially visible car"
649826896_18566997070009181_8426957191106045245_n.jpg,Snow-capped mountain glowing in warm sunset light above a forested hillside with houses.,"This image features a breathtaking, wide-angle landscape shot of Mount Rainier during what appears to be either sunrise or sunset, characterized by warm, golden light illuminating the mountain's snowy peaks.

**Key Visual Elements:**

*   **Mount Rainier:** The dominant subject is the massive, snow-capped volcano, which fills the upper-middle portion of the frame. Its upper slopes are bathed in a rich, warm glow, creating a striking contrast between the sun-lit summit and the shadowed, cooler-toned base. The mountain is partially veiled by wispy, horizontal clouds that catch the same warm light.
*   **The Airplane:** A small, distant airplane is visible as a tiny silhouette in the sky to the left of the mountain, providing a sense of scale and depth to the massive landscape.
*   **The Foreground (Human Habitat):** In the lower third of the image lies a dense residential hillside area. The houses are nestled into the slopes, partially obscured by evergreen trees. Small, warm pinpoints of light are visible in many of the windows, suggesting it is late in the day as the sun sets.
*   **Vegetation:** A dark, dense line of evergreen forest serves as a mid-ground transition between the residential area and the mountain base, adding texture and a deep, muted green color that grounds the image.

**Colors and Lighting:**
*   The color palette is dominated by a dramatic contrast between the cool, desaturated blue-grey tones of the sky and mountain shadows, and the vibrant, golden-orange highlights on the mountain face.
*   The light is soft and directional, indicating ""golden hour"" lighting conditions, which emphasizes the craggy, textured surface of the mountain's glaciers and rock formations.

**Composition and Context:**
*   **Composition:** The image uses a layered approach, with the residential area in the foreground providing a human-centric perspective, the forest as a natural barrier, and the massive, awe-inspiring mountain as the focal point.
*   **Context:** This view is characteristic of the Pacific Northwest in the United States, particularly areas around Seattle or Tacoma, where Mount Rainier is a frequent and iconic presence on the horizon. The inclusion of the residential area gives the scene a sense of place, blending the grandeur of nature with suburban life.","mountain, airplane, clouds, sky, forested hills, residential houses"
500511706_1735862440367095_4567720000448750379_n.jpg,Vibrant orange and purple sunset clouds fill the sky above a dark silhouette of tree tops.,"This image captures a vibrant sunset or sunrise viewed from a vantage point looking out over a treeline.

**Key Visual Elements:**

*   **Sky:** The sky is the dominant feature, filled with a complex display of colors. The upper portion transitions from a deep, muted indigo to a softer, lighter lavender. Moving toward the horizon, the sky erupts into intense hues of fiery orange, glowing amber, and warm gold. These colors are concentrated in a thick, horizontal band just above the treeline, where the sun is positioned.
*   **Clouds:** Various cloud formations span the sky. There are thin, wispy clouds in the upper regions and denser, more layered clouds in the middle ground, which catch the warm light from below, creating a stark contrast between their bright, illuminated undersides and their darker, shadowed tops.
*   **Foreground/Silhouettes:** In the lower third of the image, the dark, solid silhouettes of a forest of trees create a framing element. The trees vary in height and density, with some tall, pointed conifers standing out prominently on the left, while other rounded, deciduous-style trees stretch across the rest of the horizon. Because they are silhouetted, they are rendered almost entirely in black, providing a grounding anchor for the bright sky above.
*   **Composition:** The image uses a horizontal, panoramic composition. It follows a ""rule of thirds"" layout, with the treeline occupying the bottom third and the expansive, colorful sky occupying the top two-thirds. This draws the viewer's eye upward into the atmospheric transition of colors.

**Context and Atmosphere:**
The scene evokes a sense of tranquility, awe, and the quiet beauty of nature at the beginning or end of a day. The high contrast between the dark, shadowy trees and the brilliant, warm light of the sky creates a dramatic and serene mood. There is no text present in the image.","sky, clouds, trees"
628430128_18432432832112437_822144165899573633_n.jpg,A long-exposure night view of a city with illuminated apartment buildings and a highway showing streams of vehicle lights.,"This long-exposure photograph captures an urban cityscape at night, characterized by its moody, atmospheric lighting and architectural density.

**Composition and Perspective:**
The photo is taken from a high vantage point, looking down over a cityscape that blends residential high-rises with a prominent highway. The composition is horizontally oriented, drawing the eye toward the horizon line, which is heavily obscured by thick, low-hanging clouds or fog.

**Key Visual Elements:**
*   **The Highway:** A major highway curves through the center-right of the frame. Long-exposure light trails create vibrant, continuous ribbons of red (tail lights) and white (headlights), indicating heavy traffic flowing in both directions.
*   **Architecture:** Several mid-to-high-rise apartment or office buildings dominate the foreground and mid-ground. The structures are primarily rectangular, characterized by grids of lit and unlit windows, giving them a lived-in, textured appearance. The architecture suggests a modern urban environment.
*   **Atmosphere:** The sky is a deep, muted blue, dominated by a heavy blanket of fog or low clouds that obscures the horizon. The presence of circular ""bokeh"" artifacts—likely reflections from a window pane—adds a slightly ethereal, slightly hazy quality to the image. 
*   **Lighting:** The scene is illuminated by a mix of cool urban street lighting, warm interior lights from the buildings, and the dynamic streaks of the highway traffic.

**Colors:**
The color palette is restricted and atmospheric. Deep blues and grays dominate the sky and shadowed areas, while the glowing lights provide warm contrast, with bright whites, oranges, and deep reds of the light trails serving as the focal points of color.

**Context and Setting:**
The setting conveys a sense of a modern city in the Pacific Northwest or a similar temperate region where fog is common at night. It captures the tension between the stationary, ordered nature of urban residential life (the buildings) and the fluid, constant motion of the city's infrastructure (the highway). The overall mood is quiet, contemplative, and slightly detached, as if observed from behind a glass window.","highway, light trails, large apartment building, residential building, office buildings, sky, street lights, clouds"
619502823_18153929776426210_6982208413015340205_n.jpg,"A wide, black-and-white landscape of a sandy beach featuring a large rocky sea stack and smaller jagged formations.","This monochromatic, wide-angle landscape photograph depicts a serene and rugged coastal scene, likely located in the Pacific Northwest of the United States. The image is characterized by a muted, grey palette typical of overcast weather, focusing on rock formations and a tranquil shoreline.

**Key Visual Elements:**

*   **Large Coastal Island:** The dominant feature is a massive, craggy rock island situated in the middle distance to the left of the center. It is topped with a dense growth of evergreen trees that stand out against the pale, hazy sky. The sides of the island are sheer, dark, and weathered.
*   **Sea Stacks:** To the right of the main island, two prominent sea stacks emerge from the sand. They are smaller, jagged, and possess a blocky, layered texture. Further into the distance on the far right, a faint silhouette of another distant headland can be seen.
*   **Foreground:** The immediate foreground features two large, mossy-looking boulders that anchor the composition. They are partially submerged in a thin layer of water or saturated sand, creating soft, reflective surfaces that bridge the gap between the viewer and the sea.
*   **Shoreline and Reflections:** The sand is smooth and wet, acting as a mirror. The light from the overcast sky is reflected perfectly on the beach, creating a seamless transition between the earth and the horizon line. Gentle wave foam is visible on the far left, suggesting a calm tide.
*   **Atmosphere:** The composition is unified by a heavy, diffused light consistent with a ""marine layer"" or fog. There are no harsh shadows, giving the scene a soft, somber, and tranquil quality.

**Composition and Style:**

*   **Composition:** The image uses a horizontal, panoramic feel. The placement of the large island on the left creates a visual weight that is balanced by the smaller sea stacks and the vast expanse of wet sand to the right. The inclusion of the foreground rocks provides depth and scale to the scene.
*   **Tone:** The photography style is documentary or fine-art landscape, likely captured on film, given the classic black-and-white grain structure and the wide tonal range of greys. 
*   **Context:** The scene is characteristic of Olympic National Park’s coastline in Washington State, such as Ruby Beach or Rialto Beach, where dramatic sea stacks and tide-swept beaches are common. The scene evokes themes of isolation, natural resilience, and the quiet power of the ocean.

There is no visible text in the image. The overall mood is one of stillness and timelessness, capturing the wild and untamed nature of the Pacific coast.","large sea stack with trees, two prominent smaller sea stacks, distant rock formation, large boulder, large boulder, ocean waves, sandy beach, sky"
